Product Id,Variant Id,Handle,Title,Body (Html),Type,Tags,Published,Option Fulfill Value,Option1 Name,Option1 Value,Option2 Name,Option2 Value,Option3 Name,Option3 Value,Variant Price,Variant Compare At Price,Image Src,Image Position,Image Alt Text,Gift Card,Seo Title,Seo Description,Variant Image,Variant Weight Unit,Cost Per Item,Available On Listing Pages,Available On Sitemap Files,Template,Variant Tag,Facebook Pixel Id,Facebook Access Token,Product Stock Status,Variant Grams,Variant Inventory Policy,Variant Fulfillment Service,Shipping Fee,Base Cost Variant
'1000000470575355','1000010585525983',mould-king-15059-technical-toys-the-app-rc-motorized-robot-with-led-part-model-intelligent-building-blocks-kids-christmas-gift,MOULD KING 15059 Technical Toys The APP&RC Motorized Robot With Led Part Model Intelligent Building Blocks Kids Christmas Gift,"<div class=""detailmodule_dynamic""></div><div class=""detailmodule_html""><div class=""detail-desc-decorate-richtext""><p><br/></p><p><br/></p><p><br/></p><p><br/></p><p><br/></p><p><br/></p><p><br/></p><p><br/></p><div class=""detailmodule_dynamic""></div><div class=""detailmodule_html""> <div class=""detail-desc-decorate-richtext"">  <div class=""detailmodule_dynamic""></div>  <div class=""detailmodule_html"">   <div class=""detail-desc-decorate-richtext"">    <div class=""detailmodule_dynamic"">     <img src=""https://ae01.alicdn.com/kf/Hd0c093e372194c4e8bf07086c7ac8df0i.jpg"" slate-data-type=""image""/>    </div>    <div>     <div class=""detailmodule_media"">      <div class=""video-container-1100067137598"">       <div class=""detail-video"" id=""1100067137598"" data-previewurl=""https://ae01.alicdn.com/kf/Scb018dcb55fa4d1d9eae20fada901193e.jpg""></div>      </div>     </div>    </div>    <div>     <span style=""font-size:18px""><span style=""font-family:&#34;comic sans ms&#34;, cursive""><strong>Note: </strong></span></span>    </div>    <div>     <span style=""font-size:18px""><span style=""font-family:&#34;comic sans ms&#34;, cursive""><strong>1.</strong></span></span>     <span style=""background-color:rgb(255, 255, 255);color:rgb(0, 0, 0);font-size:20px;font-family:&#34;comic sans ms&#34;, cursive""><strong>It has included the Original Box and paper manual.</strong></span>    </div>    <div>     <span style=""font-size:18px""><span style=""font-family:&#34;comic sans ms&#34;, cursive""><strong>2.If you have any missing parts, you can contact with us, we will resend the new parts to you . </strong></span></span>    </div>    <div>          </div>    <div>     <span style=""font-size:18px""><span style=""font-family:&#34;comic sans ms&#34;, cursive""><strong>FEATURES: </strong></span></span>    </div>    <div>     <span style=""font-size:18px""><span style=""font-family:&#34;comic sans ms&#34;, cursive""><strong>Store: MOULD KING Official Store </strong></span></span>    </div>    <div>     <span style=""font-size:18px""><span style=""font-family:&#34;comic sans ms&#34;, cursive""><strong>Brand: MOULD KING </strong></span></span>    </div>    <div>     <span style=""font-size:18px""><span style=""font-family:&#34;comic sans ms&#34;, cursive""><strong>CE: Certificate </strong></span></span>    </div>    <div>     <span style=""font-size:18px""><span style=""font-family:&#34;comic sans ms&#34;, cursive""><strong>Classification: Assemblage </strong></span></span>    </div>    <p><span style=""background-color:rgb(255, 255, 255);color:rgb(0, 0, 0);font-size:18px;font-family:&#34;comic sans ms&#34;, cursive""><strong>Brick Quantity: 369PCS</strong></span></p>    <div>     <span style=""font-size:18px""><span style=""font-family:&#34;comic sans ms&#34;, cursive""><strong>Service: Free Replacement Parts </strong></span></span>    </div>    <div>     <span style=""font-size:18px""><span style=""font-family:&#34;comic sans ms&#34;, cursive""><strong>Plastic Block Shape: Self-Locking Bricks </strong></span></span>    </div>    <div>     <span style=""font-size:18px""><span style=""font-family:&#34;comic sans ms&#34;, cursive""><strong>Condition: 100% brand new, high quality </strong></span></span>    </div>    <div>     <span style=""font-size:18px""><span style=""font-family:&#34;comic sans ms&#34;, cursive""><strong>Material: Eco-friendly ABS plastic. Harmless to Children&#39;s health. </strong></span></span>    </div>    <div>     <span style=""font-size:18px""><span style=""font-family:&#34;comic sans ms&#34;, cursive""><strong>Packaging: </strong></span></span>     <span style=""background-color:rgb(255, 255, 255);color:rgb(0, 0, 0);font-size:20px;font-family:&#34;comic sans ms&#34;, cursive""><strong>with color Box</strong></span>    </div>    <div>          </div>    <div class=""detailmodule_html"">     <div class=""detail-desc-decorate-richtext"">      <div class=""detailmodule_html"">       <div class=""detail-desc-decorate-richtext"">        <div class=""detailmodule_html"">         <div class=""detail-desc-decorate-richtext"">          <div class=""detailmodule_html"">           <div class=""detail-desc-decorate-richtext"">            <div class=""detailmodule_html"">             <div class=""detail-desc-decorate-richtext"">              <div class=""detailmodule_html"">               <div class=""detail-desc-decorate-richtext"">                <div>                 <img src=""https://ae01.alicdn.com/kf/Sd456038b336f4925a243b9992c0b24e2H.jpg"" slate-data-type=""image""/>                 <img src=""https://ae01.alicdn.com/kf/Sbfebfc371d5e4d809d569d7e5f84550ai.jpg"" slate-data-type=""image""/>                 <img src=""https://ae01.alicdn.com/kf/Sbdf6ccf5cac84131999f51da5eb5ffd4a.jpg"" slate-data-type=""image""/>                 <img src=""https://ae01.alicdn.com/kf/S9433cc9cfbed4149b64b7152571ca5d49.jpg"" slate-data-type=""image""/>                 <img src=""https://ae01.alicdn.com/kf/S30d01cbc1cdf46808b249deb6755d455J.jpg"" slate-data-type=""image""/>                 <img src=""https://ae01.alicdn.com/kf/Sa1fb486063e14acfbf87b545a6af951d2.jpg"" slate-data-type=""image""/>                 <img src=""https://ae01.alicdn.com/kf/Saf7113392c3d4db890be641ffea1e3a9Y.jpg"" slate-data-type=""image""/>                 <img src=""https://ae01.alicdn.com/kf/S7827a71d12934106b868720406eeda60w.jpg"" slate-data-type=""image""/>                 <img src=""https://ae01.alicdn.com/kf/S1e149a307faa47d487a89751ac6b64e2s.jpg"" slate-data-type=""image""/>                 <img src=""https://ae01.alicdn.com/kf/Sbd242136c1964646ba74a03ecebec629j.jpg"" slate-data-type=""image""/>                 <img src=""https://ae01.alicdn.com/kf/Sb45326e1dc7c4a73bba30ca3e307e4a8n.jpg"" slate-data-type=""image""/>                 <img src=""https://ae01.alicdn.com/kf/Sc3bb704ba4344b2fbe445a81a031177a1.jpg"" slate-data-type=""image""/>                 <img src=""https://ae01.alicdn.com/kf/S62bf60f98f754f1d81facaf1497426a1A.jpg"" slate-data-type=""image""/>                 <img src=""https://ae01.alicdn.com/kf/Sa11b3993332346d28c44c06ca9beba07d.jpg"" slate-data-type=""image""/>                 <img src=""https://ae01.alicdn.com/kf/S19514cb378f2499f885bfd6ed886abf52.jpg"" slate-data-type=""image""/>                 <img src=""https://ae01.alicdn.com/kf/S165012fe95964eeeb05c5102d09945a75.jpg"" slate-data-type=""image""/>                 <img src=""https://ae01.alicdn.com/kf/S9ae8ebf9f76e4f5f89561b882512ac40M.jpg"" slate-data-type=""image""/>                 <img src=""https://ae01.alicdn.com/kf/Sf9b9fffa2e9243ff809d137b297bc1d6k.jpg"" slate-data-type=""image""/>                 <img src=""https://ae01.alicdn.com/kf/S31ea684ab58b42269b99e532f22c18f32.jpg"" slate-data-type=""image""/>                 <img src=""https://ae01.alicdn.com/kf/S13670d00f549487c916d3d03a5af0ea4B.jpg"" slate-data-type=""image""/>                 <br/>                </div>               </div>              </div>             </div>            </div>           </div>          </div>         </div>        </div>        <p><br/></p>       </div>      </div>     </div>    </div>   </div>  </div>  <p><br/></p> </div></div><p><br/></p><p><br/></p><p><br/></p><p><br/></p><p><br/></p><p><br/></p><p><br/></p><p><br/></p><p><br/></p><p><br/></p><p><br/></p><p><br/></p><p><br/></p><p><br/></p><p><br/></p><p><br/></p><br/></div></div>",,,TRUE,,Color,with original box,,,,,85.99,111.79,https://img.btdmp.com/10423/10423462/products/origin/168379450384926e3ac1.jpeg,1,,,,,https://img.btdmp.com/10423/10423462/products/origin/168379450384926e3ac1.jpeg,,0,FALSE,FALSE,Default,,,,,0,continue,shopbase,,
,,mould-king-15059-technical-toys-the-app-rc-motorized-robot-with-led-part-model-intelligent-building-blocks-kids-christmas-gift,,,,,,,,,,,,,,,https://img.btdmp.com/10423/10423462/products/origin/1683794503f1ac9b7f6e.jpeg,2,,,,,,,,,,,,,,,,,,,
,,mould-king-15059-technical-toys-the-app-rc-motorized-robot-with-led-part-model-intelligent-building-blocks-kids-christmas-gift,,,,,,,,,,,,,,,https://img.btdmp.com/10423/10423462/products/origin/168379450355b24e4d16.jpeg,3,,,,,,,,,,,,,,,,,,,
,,mould-king-15059-technical-toys-the-app-rc-motorized-robot-with-led-part-model-intelligent-building-blocks-kids-christmas-gift,,,,,,,,,,,,,,,https://img.btdmp.com/10423/10423462/products/origin/1683794503e8c891d11a.jpeg,4,,,,,,,,,,,,,,,,,,,
,,mould-king-15059-technical-toys-the-app-rc-motorized-robot-with-led-part-model-intelligent-building-blocks-kids-christmas-gift,,,,,,,,,,,,,,,https://img.btdmp.com/10423/10423462/products/origin/16837945033b516222ab.png,5,,,,,,,,,,,,,,,,,,,
,,mould-king-15059-technical-toys-the-app-rc-motorized-robot-with-led-part-model-intelligent-building-blocks-kids-christmas-gift,,,,,,,,,,,,,,,https://img.btdmp.com/10423/10423462/products/origin/16837945036f81d8fa71.jpeg,6,,,,,,,,,,,,,,,,,,,
,,mould-king-15059-technical-toys-the-app-rc-motorized-robot-with-led-part-model-intelligent-building-blocks-kids-christmas-gift,,,,,,,,,,,,,,,https://img.btdmp.com/10423/10423462/products/origin/16837945036c8ed7b221.png,7,,,,,,,,,,,,,,,,,,,
'1000000470575324','1000010585525752',mould-king-27017-speed-racing-car-building-sets-for-adults-aland-airship-car-with-display-case-building-blocks-for-kids-gifts,MOULD KING 27017 Speed Racing Car Building Sets For Adults Aland Airship Car with Display Case Building Blocks for Kids Gifts,"<div class=""detailmodule_dynamic""><a href=""https://www.aliexpress.com/item/4001234023981.html"" target=""_self""><img width=""944"" height=""378"" src=""https://ae01.alicdn.com/kf/S685bc701d3514151a55932c19a94b13dD.jpg"" slate-data-type=""image""/></a></div><div class=""detailmodule_html""><div class=""detail-desc-decorate-richtext""><div class=""detailmodule_dynamic""></div><div class=""detailmodule_html""><div class=""detail-desc-decorate-richtext""><div class=""detailmodule_dynamic""></div><div class=""detailmodule_html""><div class=""detail-desc-decorate-richtext""><div class=""detailmodule_dynamic""><img src=""https://ae01.alicdn.com/kf/Hd0c093e372194c4e8bf07086c7ac8df0i.jpg"" slate-data-type=""image""/></div><div><span style=""font-size:18px""><span style=""font-family:&#34;comic sans ms&#34;, cursive""><strong>Note: </strong></span></span></div><div><span style=""font-size:18px""><span style=""font-family:&#34;comic sans ms&#34;, cursive""><strong>1.There is No Original Box, Packing in the Bubble Bag or Blank Carton Box. It has included the paper manual. </strong></span></span></div><div><span style=""font-size:18px""><span style=""font-family:&#34;comic sans ms&#34;, cursive""><strong>2.If you have any missing parts, you can contact with us, we will resend the new parts to you . </strong></span></span></div><div> </div><div><span style=""font-size:18px""><span style=""font-family:&#34;comic sans ms&#34;, cursive""><strong>FEATURES: </strong></span></span></div><div><span style=""font-size:18px""><span style=""font-family:&#34;comic sans ms&#34;, cursive""><strong>Store: MOULD KING Official Store </strong></span></span></div><div><span style=""font-size:18px""><span style=""font-family:&#34;comic sans ms&#34;, cursive""><strong>Brand: MOULD KING </strong></span></span></div><div><span style=""font-size:18px""><span style=""font-family:&#34;comic sans ms&#34;, cursive""><strong>CE: Certificate </strong></span></span></div><div><span style=""font-size:18px""><span style=""font-family:&#34;comic sans ms&#34;, cursive""><strong>Classification: Assemblage </strong></span></span></div><div><span style=""font-size:18px""><span style=""font-family:&#34;comic sans ms&#34;, cursive""><strong>Service: Free Replacement Parts </strong></span></span></div><div><span style=""font-size:18px""><span style=""font-family:&#34;comic sans ms&#34;, cursive""><strong>Plastic Block Shape: Self-Locking Bricks </strong></span></span></div><div><span style=""font-size:18px""><span style=""font-family:&#34;comic sans ms&#34;, cursive""><strong>Condition: 100% brand new, high quality </strong></span></span></div><div><span style=""font-size:18px""><span style=""font-family:&#34;comic sans ms&#34;, cursive""><strong>Material: Eco-friendly ABS plastic. Harmless to Children&#39;s health. </strong></span></span></div><div><span style=""font-size:18px""><span style=""font-family:&#34;comic sans ms&#34;, cursive""><strong>Packaging: without color Box, Use Bubble Bag or Blank Carton Box.</strong></span></span></div><div class=""detailmodule_html""><div class=""detail-desc-decorate-richtext""><div class=""detailmodule_html""><div class=""detail-desc-decorate-richtext""><div class=""detailmodule_html""><div class=""detail-desc-decorate-richtext""><div class=""detailmodule_html""><div class=""detail-desc-decorate-richtext""><div class=""detailmodule_html""><div class=""detail-desc-decorate-richtext""><div class=""detailmodule_html""><div class=""detail-desc-decorate-richtext""><div> </div></div></div></div></div></div></div></div></div></div></div></div></div></div></div></div></div><p><img src=""https://ae01.alicdn.com/kf/Sb53ebda19e354651820e65d21164ec6bw.jpg"" slate-data-type=""image""/><img src=""https://ae01.alicdn.com/kf/S39b134075ad844eda5e79b373f384566I.jpg"" slate-data-type=""image""/><img src=""https://ae01.alicdn.com/kf/S98a4d2274ee24c4f80ffd03486adbedbK.jpg"" slate-data-type=""image""/><img src=""https://ae01.alicdn.com/kf/Sc277f36be5254ff39f5049c146677a03H.jpg"" slate-data-type=""image""/><img src=""https://ae01.alicdn.com/kf/S3ccdfea201534290b24cd65a3f303f5e6.jpg"" slate-data-type=""image""/><img src=""https://ae01.alicdn.com/kf/Sfbbcab8d293e4f48b9f2cd15b55f8959U.jpg"" slate-data-type=""image""/><img src=""https://ae01.alicdn.com/kf/S8544bd4df30c474591dabe7bf77641feb.jpg"" slate-data-type=""image""/><img src=""https://ae01.alicdn.com/kf/Sed04ed0c2dea4cee9b41c8caf13876acZ.jpg"" slate-data-type=""image""/><img src=""https://ae01.alicdn.com/kf/S7998271d93fd46f8a656073c60eb60c9w.jpg"" slate-data-type=""image""/><img src=""https://ae01.alicdn.com/kf/S4b20fa79fe364e83858b6df576cef5c8p.jpg"" slate-data-type=""image""/><img src=""https://ae01.alicdn.com/kf/S327dc139e6164b7aa74368fd8f40a257O.jpg"" slate-data-type=""image""/><img src=""https://ae01.alicdn.com/kf/Sc07ecd303102489285fd97e400776259r.jpg"" slate-data-type=""image""/><img src=""https://ae01.alicdn.com/kf/S1778824679ad4c44a93c869e2f3c1624p.jpg"" slate-data-type=""image""/><img src=""https://ae01.alicdn.com/kf/S8c850daf7aed4eb39ff502aeb101a8a1j.jpg"" slate-data-type=""image""/><img src=""https://ae01.alicdn.com/kf/S260911afcc1d492eb9808e08c1a51533s.jpg"" slate-data-type=""image""/><img src=""https://ae01.alicdn.com/kf/S57501d4da0164d77a9f510acaa1909f6u.jpg"" slate-data-type=""image""/><img src=""https://ae01.alicdn.com/kf/S5d6660bab35647aaa69254b7cfca695fi.jpg"" slate-data-type=""image""/><img src=""https://ae01.alicdn.com/kf/S8f7eef992b554b41b692afbb17eccac5p.jpg"" slate-data-type=""image""/><img src=""https://ae01.alicdn.com/kf/S25ff2150b3d04551b810f4f1f13ec59dl.jpg"" slate-data-type=""image""/><img src=""https://ae01.alicdn.com/kf/S156e4b2b2d1f4c8ca3c98b135dd8e5b4Y.jpg"" slate-data-type=""image""/><img src=""https://ae01.alicdn.com/kf/S232df5270a9d40d294107abf5b59c8e1y.jpg"" slate-data-type=""image""/><img src=""https://ae01.alicdn.com/kf/S91a84972e365464a8f1fe08388432e661.jpg"" slate-data-type=""image""/><br/></p></div></div><br/>",,,TRUE,,Color,27018,,,,,62.99,81.89,https://img.btdmp.com/10423/10423462/products/origin/1683794496e50cb8ae37.jpeg,1,,,,,https://img.btdmp.com/10423/10423462/products/origin/1683794496e50cb8ae37.jpeg,,0,FALSE,FALSE,Default,,,,,0,continue,shopbase,,
'1000000470575324','1000010585525753',mould-king-27017-speed-racing-car-building-sets-for-adults-aland-airship-car-with-display-case-building-blocks-for-kids-gifts,,,,,,,,27020,,,,,62.99,81.89,https://img.btdmp.com/10423/10423462/products/origin/168379449619ed18edec.jpeg,2,,,,,https://img.btdmp.com/10423/10423462/products/origin/168379449619ed18edec.jpeg,,0,,,,,,,,0,continue,shopbase,0,0
'1000000470575324','1000010585525754',mould-king-27017-speed-racing-car-building-sets-for-adults-aland-airship-car-with-display-case-building-blocks-for-kids-gifts,,,,,,,,27019,,,,,62.99,81.89,https://img.btdmp.com/10423/10423462/products/origin/168379449693be4a00d1.jpeg,3,,,,,https://img.btdmp.com/10423/10423462/products/origin/168379449693be4a00d1.jpeg,,0,,,,,,,,0,continue,shopbase,0,0
,,mould-king-27017-speed-racing-car-building-sets-for-adults-aland-airship-car-with-display-case-building-blocks-for-kids-gifts,,,,,,,,,,,,,,,https://img.btdmp.com/10423/10423462/products/origin/16837944964ec65f84e3.jpeg,4,,,,,,,,,,,,,,,,,,,
,,mould-king-27017-speed-racing-car-building-sets-for-adults-aland-airship-car-with-display-case-building-blocks-for-kids-gifts,,,,,,,,,,,,,,,https://img.btdmp.com/10423/10423462/products/origin/168379449681e78312e8.jpeg,5,,,,,,,,,,,,,,,,,,,
,,mould-king-27017-speed-racing-car-building-sets-for-adults-aland-airship-car-with-display-case-building-blocks-for-kids-gifts,,,,,,,,,,,,,,,https://img.btdmp.com/10423/10423462/products/origin/168379449687bb7c0611.jpeg,6,,,,,,,,,,,,,,,,,,,
,,mould-king-27017-speed-racing-car-building-sets-for-adults-aland-airship-car-with-display-case-building-blocks-for-kids-gifts,,,,,,,,,,,,,,,https://img.btdmp.com/10423/10423462/products/origin/16837944963e7bdb6b36.jpeg,7,,,,,,,,,,,,,,,,,,,
,,mould-king-27017-speed-racing-car-building-sets-for-adults-aland-airship-car-with-display-case-building-blocks-for-kids-gifts,,,,,,,,,,,,,,,https://img.btdmp.com/10423/10423462/products/origin/16837944962ab09880ec.jpeg,8,,,,,,,,,,,,,,,,,,,
,,mould-king-27017-speed-racing-car-building-sets-for-adults-aland-airship-car-with-display-case-building-blocks-for-kids-gifts,,,,,,,,,,,,,,,https://img.btdmp.com/10423/10423462/products/origin/1683794496b1d8c8bf96.jpeg,9,,,,,,,,,,,,,,,,,,,
